<?xml version="1.0" encoding="UTF-8"?>
<project-private xmlns="http://www.netbeans.org/ns/project-private/1">
    <editor-bookmarks xmlns="http://www.netbeans.org/ns/editor-bookmarks/2" lastBookmarkId="0"/>
    <open-files xmlns="http://www.netbeans.org/ns/projectui-open-files/2">
        <group>
            <file>file:/D:/wamp64/www/QCM/php/pages/logintest.php</file>
            <file>file:/D:/wamp64/www/QCM/php/includes/all.inc.php</file>
            <file>file:/D:/wamp64/www/QCM/php/classes/Database.php</file>
            <file>file:/D:/wamp64/www/QCM/sql/qcmaster_db.sql</file>
            <file>file:/D:/wamp64/www/QCM/php/classes/Teacher.php</file>
            <file>file:/D:/wamp64/www/QCM/php/classes/Student.php</file>
            <file>file:/D:/wamp64/www/QCM/sql/qcmaster_test.sql</file>
            <file>file:/D:/wamp64/www/QCM/php/includes/settings.inc.php</file>
            <file>file:/D:/wamp64/www/QCM/sql/example_dbscript.sql</file>
            <file>file:/D:/wamp64/www/QCM/php/classes/User.php</file>
            <file>file:/D:/wamp64/www/QCM/php/classes/Question.php</file>
            <file>file:/D:/wamp64/www/QCM/php/pages/testpage.php</file>
        </group>
    </open-files>
</project-private>
